ID,Flyer,URL
121,Business Card V2,https://l.playbuddy.me/2POBP8UOYTb
122,Business Card V2,https://l.playbuddy.me/lrNhV8UOYTb
123,Business Card V2,https://l.playbuddy.me/8ZYGY8UOYTb
124,Business Card V2,https://l.playbuddy.me/rBXm48UOYTb
125,Business Card V2,https://l.playbuddy.me/mqll88UOYTb
126,Business Card V2,https://l.playbuddy.me/xL7rd9UOYTb
127,Business Card V2,https://l.playbuddy.me/tAvqh9UOYTb
128,Business Card V2,https://l.playbuddy.me/g9GPk9UOYTb
129,Business Card V2,https://l.playbuddy.me/bY4No9UOYTb
130,Business Card V2,https://l.playbuddy.me/2ERus9UOYTb