ID,URL
260,o0ec1e2ghUb
259,tbRdXe2ghUb
258,ymtfTe2ghUb
257,zpuZOe2ghUb
256,AsvJKe2ghUb
255,BvwtGe2ghUb
254,yqWVBe2ghUb
253,ztXFxe2ghUb
252,o8azse2ghUb
251,pbcjoe2ghUb
250,qed3je2ghUb
249,vpP4fe2ghUb
248,skfxbe2ghUb
247,xvRy7d2ghUb
246,qiGJ2d2ghUb
245,j5uUXd2ghUb
244,cSj5Sd2ghUb
243,h3V6Od2ghUb
242,mey8Kd2ghUb
241,nhzSGd2ghUb
240,g4n3Bd2ghUb
239,PcdOvd2ghUb
238,M7Cgrd2ghUb
237,Rifind2ghUb
236,Slg2id2ghUb
235,DSSDdd2ghUb
234,I3uF9c2ghUb
233,J6vp5c2ghUb
232,Oh8q1c2ghUb
231,1IW1Xc2ghUb
230,ARLMRc2ghUb
229,BUMwNc2ghUb
228,CXNgJc2ghUb
227,zSdJEc2ghUb
226,oxrCzc2ghUb
225,jnhxqc2ghUb
224,0LiRkc2ghUb
223,rEV2dc2ghUb
222,82Wm8b2ghUb
221,Ljnp2b2ghUb
220,sIoJWb2ghUb
219,96p3Qb2ghUb
218,2TeeMb2ghUb
217,tMRpFb2ghUb
216,62hszb2ghUb
215,VHvlub2ghUb
214,Qxlglb2ghUb
213,B4XRfb2ghUb
212,itZbab2ghUb
211,nC2pXa2ghUb